Product_ID,Product_Name,Category,Launch_Date,Vendor_ID,Unit_Price,Launch Year
P021,Dryease 1.5T,Microwave,2021-01-22,V104,26990,2021
P049,Chillpro 25L,Microwave,2021-01-29,V106,29990,2021
P048,Dryease 260L,Refrigerator,2021-02-28,V104,29990,2021
P005,Chillpro 25L,Air Conditioner,2021-03-15,V104,20990,2021
P038,Dryease 1.5T,Washing Machine,2021-04-20,V105,26990,2021
P044,Washwave 1.5T,Dishwasher,2021-05-09,V103,42990,2021
P028,Frostcool 260L,Air Conditioner,2021-08-02,V102,42990,2021
P014,Washwave 25L,Refrigerator,2021-08-30,V105,34990,2021
P023,Coolbreeze 1.5T,Washing Machine,2021-10-09,V102,26990,2021
P016,Chillpro 25L,Dishwasher,2021-12-06,V104,42990,2021
P026,Chillpro 25L,Washing Machine,2021-12-09,V105,18990,2021
P009,Dryease 800W,Washing Machine,2021-12-21,V102,23990,2021
P024,Coolbreeze 260L,Dishwasher,2021-12-21,V105,42990,2021
P031,Chillpro 1.5T,Refrigerator,2022-01-04,V104,29823,2022
P041,Chillpro 25L,Microwave,2022-01-13,V106,26990,2022
P019,Dryease 7Kg,Microwave,2022-01-26,V102,29990,2022
P013,Chillpro 25L,Air Conditioner,2022-02-24,V104,20990,2022
P032,Coolbreeze 800W,Air Conditioner,2022-03-19,V102,42990,2022
P050,Coolbreeze 260L,Refrigerator,2022-04-09,V105,38990,2022
P040,Dryease 7Kg,Dishwasher,2022-05-13,V105,20990,2022
P012,Coolbreeze 800W,Refrigerator,2022-06-01,V106,20990,2022
P030,Dryease 800W,Dishwasher,2022-06-28,V104,34990,2022
P047,Heatmate 1.5T,Microwave,2022-07-27,V102,34990,2022
P029,Coolbreeze 25L,Washing Machine,2022-08-01,V103,23990,2022
P006,Heatmate 1.5T,Refrigerator,2022-08-03,V105,18990,2022
P010,Chillpro 260L,Refrigerator,2022-08-23,V105,29990,2022
P037,Washwave 260L,Microwave,2022-10-18,V106,38990,2022
P004,Washwave 260L,Refrigerator,2023-01-09,V103,34990,2023
P015,Chillpro 25L,Refrigerator,2023-02-08,V102,23990,2023
P025,Washwave 800W,Washing Machine,2023-03-07,V102,42990,2023
P018,Frostcool 260L,Refrigerator,2023-03-11,V106,34990,2023
P003,Chillpro 1.5T,Refrigerator,2023-03-23,V102,20990,2023
P045,Coolbreeze 260L,Washing Machine,2023-03-31,V102,42990,2023
P002,Dryease 7Kg,Air Conditioner,2023-07-17,V102,29990,2023
P020,Coolbreeze 1.5T,Washing Machine,2023-08-31,V106,42990,2023
P035,Dryease 25L,Air Conditioner,2023-09-06,V106,23990,2023
P007,Frostcool 260L,Washing Machine,2023-11-15,V102,42990,2023
P036,Chillpro 25L,Dishwasher,2023-11-18,V105,29990,2023
P017,Washwave 25L,Dishwasher,2023-11-20,V105,32879,2023
P022,Washwave 260L,Microwave,2024-01-27,V102,30240,2024
P039,Dryease 800W,Washing Machine,2024-02-26,V102,18990,2024
P011,Heatmate 260L,Refrigerator,2024-03-14,V106,38990,2024
P033,Heatmate 1.5T,Dishwasher,2024-04-07,V106,23990,2024
P042,Frostcool 260L,Refrigerator,2024-04-07,V104,29990,2024
P001,Dryease 1.5T,Air Conditioner,2024-05-14,V103,20990,2024
P008,Washwave 1.5T,Microwave,2024-05-25,V106,26990,2024
P027,Heatmate 7Kg,Microwave,2024-06-12,V106,26990,2024
P046,Dryease 800W,Dishwasher,2024-07-02,V106,26990,2024
P034,Chillpro 1.5T,Washing Machine,2024-07-03,V105,29990,2024
P043,Frostcool 25L,Dishwasher,2024-07-06,V106,29990,2024
