Return_ID,Sale_ID,Return_Date,Return_Reason,Condition,Refund_Amount,Return_Month
R001,S0419,2024-10-11,Wrong Item Delivered,Used,23990,Oct
R002,S0095,2024-08-08,Damaged In Transit,Used,23990,Aug
R003,S0261,2024-05-28,Damaged In Transit,Used,29990,May
R004,S0308,2024-02-21,Damaged In Transit,Used,29990,Feb
R005,S0467,2024-06-13,Damaged In Transit,Unused,34990,Jun
R006,S0442,2024-11-18,Defective Motor,Used,38990,Nov
R007,S0994,2024-12-28,Late Delivery,Used,20990,Dec
R008,S0536,2024-05-10,Wrong Item Delivered,Unused,18990,May
R009,S0634,2024-09-23,Performance Issue,Unused,18990,Sep
R010,S0688,2024-05-18,Wrong Item Delivered,Used,34990,May
R011,S0219,2024-08-24,Late Delivery,Unused,26990,Aug
R012,S0740,2024-04-19,Damaged In Transit,Unused,29990,Apr
R013,S0439,2024-06-29,Performance Issue,Unused,34990,Jun
R014,S0811,2024-11-24,Performance Issue,Unused,38990,Nov
R015,S0829,2024-09-15,Defective Motor,Unused,38990,Sep
R016,S0859,2024-02-03,Damaged In Transit,Used,23990,Feb
R017,S0883,2024-12-29,Late Delivery,Unused,26990,Dec
R018,S0232,2024-01-07,Damaged In Transit,Used,23990,Jan
R019,S0559,2024-07-19,Late Delivery,Used,38990,Jul
R020,S0694,2024-05-30,Damaged In Transit,Unused,20990,May
R021,S0750,2024-05-29,Wrong Item Delivered,Used,34990,May
R022,S0511,2024-05-03,Damaged In Transit,Used,34990,May
R023,S0034,2024-07-21,Late Delivery,Unused,34990,Jul
R024,S0223,2024-09-21,Performance Issue,Unused,34990,Sep
R025,S0523,2024-05-12,Wrong Item Delivered,Unused,29990,May
R026,S0344,2024-04-29,Damaged In Transit,Unused,23990,Apr
R027,S0136,2024-04-13,Late Delivery,Unused,23990,Apr
R028,S0624,2024-01-10,Late Delivery,Unused,18990,Jan
R029,S0329,2024-09-03,Defective Motor,Used,34990,Sep
R030,S0862,2024-08-16,Wrong Item Delivered,Used,23990,Aug
R031,S0924,2024-04-01,Wrong Item Delivered,Unused,34990,Apr
R032,S0035,2024-09-02,Performance Issue,Used,26990,Sep
R033,S0666,2024-06-23,Late Delivery,Unused,20990,Jun
R034,S0283,2024-07-22,Late Delivery,Unused,38990,Jul
R035,S0059,2024-12-31,Defective Motor,Unused,18990,Dec
R036,S0719,2024-05-14,Late Delivery,Unused,38990,May
R037,S0030,2024-10-10,Damaged In Transit,Used,23990,Oct
R038,S0213,2024-01-30,Late Delivery,Unused,18990,Jan
R039,S0238,2024-03-25,Damaged In Transit,Used,38990,Mar
R040,S0424,2024-07-07,Performance Issue,Used,29990,Jul
R041,S0256,2024-12-17,Performance Issue,Used,38990,Dec
R042,S0384,2024-08-06,Performance Issue,Used,29990,Aug
R043,S0048,2024-10-21,Performance Issue,Used,29990,Oct
R044,S0644,2024-03-12,Late Delivery,Used,34990,Mar
R045,S0053,2024-06-12,Late Delivery,Used,29990,Jun
R046,S0876,2024-08-24,Wrong Item Delivered,Used,26990,Aug
R047,S0076,2024-01-31,Performance Issue,Unused,34990,Jan
R048,S0866,2024-11-14,Wrong Item Delivered,Used,26990,Nov
R049,S0866,2024-12-03,Damaged In Transit,Used,29990,Dec
R050,S0679,2024-05-05,Damaged In Transit,Used,23990,May
R051,S0509,2024-07-20,Defective Motor,Unused,38990,Jul
R052,S0714,2024-02-05,Damaged In Transit,Used,20990,Feb
R053,S0126,2024-08-02,Wrong Item Delivered,Used,20990,Aug
R054,S0394,2024-01-07,Wrong Item Delivered,Used,18990,Jan
R055,S0444,2024-11-08,Wrong Item Delivered,Used,23990,Nov
R056,S0410,2024-07-11,Damaged In Transit,Used,38990,Jul
R057,S0214,2024-05-01,Defective Motor,Unused,26990,May
R058,S0625,2024-05-22,Performance Issue,Used,18990,May
R059,S0177,2024-07-01,Defective Motor,Used,29990,Jul
R060,S0693,2024-01-06,Damaged In Transit,Unused,26990,Jan
R061,S0028,2024-05-16,Defective Motor,Unused,26990,May
R062,S0920,2024-06-21,Wrong Item Delivered,Unused,26990,Jun
R063,S0592,2024-03-30,Wrong Item Delivered,Unused,23990,Mar
R064,S0106,2024-03-30,Defective Motor,Used,23990,Mar
R065,S0338,2024-05-31,Wrong Item Delivered,Used,38990,May
R066,S0320,2024-02-05,Late Delivery,Unused,29990,Feb
R067,S0004,2024-08-27,Wrong Item Delivered,Used,18990,Aug
R068,S0185,2024-04-01,Performance Issue,Used,18990,Apr
R069,S0823,2024-09-14,Wrong Item Delivered,Used,18990,Sep
R070,S0963,2024-11-06,Damaged In Transit,Unused,34990,Nov
R071,S0214,2024-06-22,Performance Issue,Unused,26990,Jun
R072,S0403,2024-11-17,Wrong Item Delivered,Used,18990,Nov
R073,S0813,2024-11-19,Damaged In Transit,Used,20990,Nov
R074,S0382,2024-02-06,Late Delivery,Used,34990,Feb
R075,S0514,2024-04-23,Defective Motor,Unused,34990,Apr
R076,S0540,2024-02-04,Performance Issue,Unused,18990,Feb
R077,S0867,2024-03-31,Performance Issue,Used,34990,Mar
R078,S0168,2024-08-23,Defective Motor,Unused,26990,Aug
R079,S0028,2024-07-31,Late Delivery,Used,38990,Jul
R080,S0648,2024-08-31,Wrong Item Delivered,Used,26990,Aug
R081,S0302,2024-08-23,Performance Issue,Used,26990,Aug
R082,S0830,2024-01-10,Late Delivery,Unused,23990,Jan
R083,S0058,2024-04-18,Defective Motor,Unused,29990,Apr
R084,S0508,2024-07-23,Performance Issue,Unused,26990,Jul
R085,S0959,2024-12-11,Defective Motor,Unused,20990,Dec
R086,S0467,2024-10-27,Wrong Item Delivered,Unused,20990,Oct
R087,S0471,2024-07-11,Wrong Item Delivered,Unused,26990,Jul
R088,S0886,2024-03-05,Defective Motor,Used,29990,Mar
R089,S0377,2024-04-19,Wrong Item Delivered,Unused,20990,Apr
R090,S0257,2024-07-09,Late Delivery,Used,38990,Jul
R091,S0303,2024-06-17,Defective Motor,Used,29990,Jun
R092,S0531,2024-02-03,Damaged In Transit,Unused,18990,Feb
R093,S0540,2024-07-19,Defective Motor,Used,18990,Jul
R094,S0391,2024-10-01,Damaged In Transit,Used,26990,Oct
R095,S0578,2024-09-03,Performance Issue,Used,20990,Sep
R096,S0088,2024-10-13,Wrong Item Delivered,Unused,23990,Oct
R097,S0187,2024-04-06,Performance Issue,Unused,29990,Apr
R098,S1000,2024-06-20,Late Delivery,Used,26990,Jun
R099,S0905,2024-08-11,Defective Motor,Unused,38990,Aug
R100,S0602,2024-07-16,Wrong Item Delivered,Unused,23990,Jul
R101,S0362,2024-04-01,Performance Issue,Used,20990,Apr
R102,S0357,2024-04-15,Damaged In Transit,Unused,20990,Apr
R103,S0322,2024-09-23,Defective Motor,Unused,34990,Sep
R104,S0282,2024-07-19,Wrong Item Delivered,Used,29990,Jul
R105,S0676,2024-09-30,Damaged In Transit,Used,38990,Sep
R106,S0715,2024-07-10,Damaged In Transit,Unused,23990,Jul
R107,S0024,2024-10-04,Wrong Item Delivered,Used,20990,Oct
R108,S0398,2024-09-09,Performance Issue,Used,23990,Sep
R109,S0999,2024-03-28,Wrong Item Delivered,Used,23990,Mar
R110,S0077,2024-09-28,Defective Motor,Unused,26990,Sep
R111,S0389,2024-08-16,Performance Issue,Unused,23990,Aug
R112,S0996,2024-09-19,Late Delivery,Unused,20990,Sep
R113,S0087,2024-08-11,Performance Issue,Unused,38990,Aug
R114,S0826,2024-07-25,Performance Issue,Unused,29990,Jul
R115,S0864,2024-12-27,Performance Issue,Unused,38990,Dec
R116,S0469,2024-11-26,Wrong Item Delivered,Used,18990,Nov
R117,S0254,2024-09-03,Defective Motor,Used,34990,Sep
R118,S0978,2024-10-29,Defective Motor,Used,18990,Oct
R119,S0231,2024-05-14,Performance Issue,Used,38990,May
R120,S0370,2024-03-22,Damaged In Transit,Unused,23990,Mar
R121,S0010,2024-08-20,Damaged In Transit,Used,26990,Aug
R122,S0909,2024-03-24,Late Delivery,Used,38990,Mar
R123,S0899,2024-04-29,Performance Issue,Unused,18990,Apr
R124,S0960,2024-08-20,Late Delivery,Unused,23990,Aug
R125,S0882,2024-09-16,Damaged In Transit,Unused,38990,Sep
R126,S0543,2024-09-03,Wrong Item Delivered,Used,34990,Sep
R127,S0003,2024-04-26,Late Delivery,Unused,34990,Apr
R128,S0166,2024-09-19,Defective Motor,Unused,23990,Sep
R129,S0792,2024-10-30,Damaged In Transit,Used,34990,Oct
R130,S0868,2024-01-26,Defective Motor,Used,26990,Jan
R131,S0481,2024-11-24,Late Delivery,Unused,29990,Nov
R132,S0901,2024-07-05,Damaged In Transit,Used,18990,Jul
R133,S0836,2024-02-21,Damaged In Transit,Used,26990,Feb
R134,S0073,2024-09-18,Defective Motor,Unused,29990,Sep
R135,S0629,2024-09-30,Late Delivery,Unused,23990,Sep
R136,S0266,2024-07-06,Damaged In Transit,Unused,23990,Jul
R137,S0044,2024-11-01,Wrong Item Delivered,Unused,29990,Nov
R138,S0296,2024-11-13,Late Delivery,Used,34990,Nov
R139,S0912,2024-04-30,Wrong Item Delivered,Used,20990,Apr
R140,S0817,2024-01-26,Wrong Item Delivered,Unused,38990,Jan
R141,S0738,2024-10-04,Damaged In Transit,Unused,26990,Oct
R142,S0185,2024-01-06,Performance Issue,Unused,23990,Jan
R143,S0394,2024-03-21,Performance Issue,Used,20990,Mar
R144,S0230,2024-08-22,Late Delivery,Used,18990,Aug
R145,S0510,2024-08-30,Late Delivery,Used,23990,Aug
R146,S0815,2024-11-24,Wrong Item Delivered,Used,29990,Nov
R147,S0018,2024-12-15,Late Delivery,Used,23990,Dec
R148,S0091,2024-02-22,Wrong Item Delivered,Unused,20990,Feb
R149,S0319,2024-01-09,Defective Motor,Unused,23990,Jan
R150,S0456,2024-12-26,Damaged In Transit,Used,29990,Dec
R151,S0460,2024-07-05,Wrong Item Delivered,Unused,20990,Jul
R152,S0268,2024-04-09,Late Delivery,Used,26990,Apr
R153,S0575,2024-09-28,Performance Issue,Used,20990,Sep
R154,S0209,2024-01-01,Performance Issue,Used,26990,Jan
R155,S0480,2024-08-25,Defective Motor,Unused,38990,Aug
R156,S0709,2024-04-26,Wrong Item Delivered,Used,34990,Apr
R157,S0968,2024-02-25,Damaged In Transit,Unused,18990,Feb
R158,S0373,2024-11-14,Defective Motor,Used,34990,Nov
R159,S0558,2024-10-31,Damaged In Transit,Used,29990,Oct
R160,S0445,2024-10-02,Performance Issue,Unused,18990,Oct
R161,S0398,2024-08-30,Performance Issue,Used,23990,Aug
R162,S0057,2024-01-22,Defective Motor,Used,26990,Jan
R163,S0026,2024-10-08,Damaged In Transit,Unused,20990,Oct
R164,S0144,2024-08-04,Late Delivery,Used,29990,Aug
R165,S0540,2024-11-06,Performance Issue,Used,34990,Nov
R166,S0691,2024-07-03,Damaged In Transit,Used,20990,Jul
R167,S0730,2024-08-03,Wrong Item Delivered,Used,29990,Aug
R168,S0874,2024-07-28,Performance Issue,Used,18990,Jul
R169,S0767,2024-02-02,Late Delivery,Used,29990,Feb
R170,S0303,2024-03-28,Wrong Item Delivered,Used,38990,Mar
R171,S0708,2024-05-31,Late Delivery,Unused,20990,May
R172,S0547,2024-09-16,Damaged In Transit,Unused,34990,Sep
R173,S0082,2024-10-06,Wrong Item Delivered,Unused,38990,Oct
R174,S0884,2024-08-25,Wrong Item Delivered,Used,23990,Aug
R175,S0454,2024-07-23,Performance Issue,Unused,26990,Jul
R176,S0348,2024-11-18,Defective Motor,Used,29990,Nov
R177,S0445,2024-12-30,Damaged In Transit,Unused,29990,Dec
R178,S0695,2024-06-28,Defective Motor,Unused,34990,Jun
R179,S0916,2024-02-21,Defective Motor,Used,20990,Feb
R180,S0876,2024-04-09,Damaged In Transit,Used,29990,Apr
R181,S0288,2024-05-21,Late Delivery,Unused,23990,May
R182,S0441,2024-07-27,Performance Issue,Used,38990,Jul
R183,S0645,2024-11-16,Damaged In Transit,Used,34990,Nov
R184,S0216,2024-10-20,Defective Motor,Used,29990,Oct
R185,S0885,2024-04-01,Performance Issue,Used,20990,Apr
R186,S0228,2024-10-30,Performance Issue,Unused,23990,Oct
R187,S0494,2024-07-26,Wrong Item Delivered,Unused,34990,Jul
R188,S0088,2024-04-29,Damaged In Transit,Unused,23990,Apr
R189,S0886,2024-01-02,Damaged In Transit,Unused,23990,Jan
R190,S0505,2024-11-26,Defective Motor,Used,34990,Nov
R191,S0037,2024-08-22,Damaged In Transit,Used,34990,Aug
R192,S0843,2024-02-03,Defective Motor,Used,20990,Feb
R193,S0197,2024-07-19,Late Delivery,Unused,20990,Jul
R194,S0640,2024-09-23,Wrong Item Delivered,Used,23990,Sep
R195,S0288,2024-08-02,Performance Issue,Unused,23990,Aug
R196,S0659,2024-09-23,Wrong Item Delivered,Used,23990,Sep
R197,S0714,2024-08-24,Damaged In Transit,Unused,34990,Aug
R198,S0042,2024-09-15,Damaged In Transit,Unused,29990,Sep
R199,S0827,2024-02-03,Damaged In Transit,Used,38990,Feb
R200,S0808,2024-04-17,Performance Issue,Unused,23990,Apr
R201,S0721,2024-01-28,Late Delivery,Unused,26990,Jan
R202,S0429,2024-05-18,Late Delivery,Unused,18990,May
R203,S0917,2024-11-01,Damaged In Transit,Used,38990,Nov
R204,S0494,2024-06-25,Damaged In Transit,Used,29990,Jun
R205,S0363,2024-10-04,Defective Motor,Unused,23990,Oct
R206,S0428,2024-05-03,Wrong Item Delivered,Unused,20990,May
R207,S0570,2024-04-06,Wrong Item Delivered,Used,18990,Apr
R208,S0516,2024-12-10,Late Delivery,Unused,29990,Dec
R209,S0066,2024-11-04,Wrong Item Delivered,Used,23990,Nov
R210,S0664,2024-08-22,Defective Motor,Unused,23990,Aug
R211,S0662,2024-08-05,Defective Motor,Used,26990,Aug
R212,S0536,2024-06-02,Late Delivery,Used,34990,Jun
R213,S0408,2024-12-21,Damaged In Transit,Used,18990,Dec
R214,S0304,2024-09-01,Wrong Item Delivered,Unused,34990,Sep
R215,S0871,2024-02-27,Late Delivery,Used,29990,Feb
R216,S0175,2024-08-04,Late Delivery,Used,26990,Aug
R217,S0088,2024-02-04,Late Delivery,Unused,23990,Feb
R218,S0161,2024-03-20,Damaged In Transit,Unused,34990,Mar
R219,S0915,2024-07-08,Late Delivery,Unused,34990,Jul
R220,S0931,2024-09-01,Damaged In Transit,Unused,29990,Sep
R221,S0435,2024-12-03,Performance Issue,Used,34990,Dec
R222,S0813,2024-02-22,Wrong Item Delivered,Used,18990,Feb
R223,S0846,2024-03-08,Performance Issue,Unused,18990,Mar
R224,S0428,2024-11-27,Wrong Item Delivered,Used,26990,Nov
R225,S0800,2024-12-11,Defective Motor,Unused,26990,Dec
R226,S0473,2024-02-26,Damaged In Transit,Used,38990,Feb
R227,S0759,2024-09-25,Defective Motor,Used,26990,Sep
R228,S0870,2024-08-28,Wrong Item Delivered,Unused,23990,Aug
R229,S0324,2024-04-05,Defective Motor,Unused,34990,Apr
R230,S0908,2024-04-23,Performance Issue,Unused,18990,Apr
R231,S0609,2024-11-08,Damaged In Transit,Unused,18990,Nov
R232,S0196,2024-04-20,Late Delivery,Unused,38990,Apr
R233,S0334,2024-07-14,Wrong Item Delivered,Unused,18990,Jul
R234,S0071,2024-03-13,Damaged In Transit,Unused,38990,Mar
R235,S0996,2024-04-10,Defective Motor,Used,18990,Apr
R236,S0797,2024-04-22,Damaged In Transit,Unused,23990,Apr
R237,S0140,2024-06-24,Defective Motor,Used,20990,Jun
R238,S0735,2024-04-20,Late Delivery,Unused,23990,Apr
R239,S0202,2024-11-28,Late Delivery,Used,34990,Nov
R240,S0538,2024-07-31,Damaged In Transit,Used,26990,Jul
R241,S0628,2024-04-15,Performance Issue,Unused,20990,Apr
R242,S0119,2024-02-24,Late Delivery,Used,20990,Feb
R243,S0988,2024-02-12,Damaged In Transit,Unused,34990,Feb
R244,S0765,2024-09-01,Performance Issue,Unused,20990,Sep
R245,S0654,2024-04-04,Performance Issue,Unused,29990,Apr
R246,S0815,2024-04-18,Performance Issue,Used,20990,Apr
R247,S0141,2024-10-11,Late Delivery,Unused,26990,Oct
R248,S0955,2024-08-10,Late Delivery,Used,20990,Aug
R249,S0905,2024-08-10,Late Delivery,Used,26990,Aug
R250,S0407,2024-03-04,Performance Issue,Used,29990,Mar
R251,S0041,2024-05-29,Late Delivery,Unused,23990,May
R252,S0306,2024-05-14,Late Delivery,Unused,34990,May
R253,S0688,2024-05-17,Defective Motor,Used,18990,May
R254,S0407,2024-04-16,Late Delivery,Used,18990,Apr
R255,S0400,2024-02-05,Wrong Item Delivered,Unused,18990,Feb
R256,S0228,2024-12-31,Damaged In Transit,Used,18990,Dec
R257,S0535,2024-12-05,Damaged In Transit,Unused,34990,Dec
R258,S0114,2024-12-27,Late Delivery,Used,34990,Dec
R259,S0437,2024-01-21,Damaged In Transit,Unused,38990,Jan
R260,S0162,2024-10-26,Late Delivery,Unused,38990,Oct
R261,S0603,2024-08-04,Late Delivery,Used,26990,Aug
R262,S0711,2024-03-12,Performance Issue,Used,23990,Mar
R263,S0567,2024-04-25,Wrong Item Delivered,Unused,34990,Apr
R264,S0460,2024-05-05,Defective Motor,Used,23990,May
R265,S0020,2024-01-26,Damaged In Transit,Unused,20990,Jan
R266,S0659,2024-07-09,Defective Motor,Used,29990,Jul
R267,S0749,2024-09-28,Performance Issue,Unused,29990,Sep
R268,S0346,2024-04-13,Damaged In Transit,Unused,38990,Apr
R269,S0253,2024-05-05,Defective Motor,Unused,29990,May
R270,S0629,2024-01-04,Damaged In Transit,Unused,20990,Jan
R271,S0351,2024-06-14,Late Delivery,Unused,29990,Jun
R272,S0412,2024-06-14,Damaged In Transit,Used,23990,Jun
R273,S0580,2024-01-11,Late Delivery,Unused,20990,Jan
R274,S0752,2024-11-20,Performance Issue,Used,38990,Nov
R275,S0724,2024-05-18,Late Delivery,Unused,34990,May
R276,S0734,2024-07-28,Damaged In Transit,Used,18990,Jul
R277,S0881,2024-02-20,Performance Issue,Unused,34990,Feb
R278,S0479,2024-08-20,Defective Motor,Unused,18990,Aug
R279,S0898,2024-05-26,Damaged In Transit,Used,23990,May
R280,S0786,2024-08-14,Late Delivery,Unused,29990,Aug
R281,S0258,2024-09-30,Damaged In Transit,Used,38990,Sep
R282,S0189,2024-04-23,Damaged In Transit,Used,23990,Apr
R283,S0347,2024-06-27,Defective Motor,Unused,26990,Jun
R284,S0370,2024-05-04,Defective Motor,Unused,18990,May
R285,S0875,2024-01-01,Damaged In Transit,Unused,18990,Jan
R286,S0016,2024-12-01,Defective Motor,Unused,26990,Dec
R287,S0776,2024-10-04,Performance Issue,Unused,38990,Oct
R288,S0321,2024-11-25,Wrong Item Delivered,Unused,18990,Nov
R289,S0518,2024-10-12,Performance Issue,Used,18990,Oct
R290,S0974,2024-12-07,Wrong Item Delivered,Used,34990,Dec
R291,S0384,2024-11-04,Wrong Item Delivered,Unused,18990,Nov
R292,S0201,2024-11-15,Late Delivery,Unused,38990,Nov
R293,S0929,2024-11-25,Damaged In Transit,Used,29990,Nov
R294,S0276,2024-04-30,Wrong Item Delivered,Used,34990,Apr
R295,S0532,2024-01-07,Wrong Item Delivered,Used,20990,Jan
R296,S0025,2024-12-15,Wrong Item Delivered,Unused,20990,Dec
R297,S0738,2024-10-10,Wrong Item Delivered,Used,29990,Oct
R298,S0671,2024-01-03,Wrong Item Delivered,Unused,18990,Jan
R299,S0706,2024-06-14,Performance Issue,Unused,29990,Jun
R300,S0788,2024-05-24,Defective Motor,Unused,18990,May
