Claim_ID,Product_ID,Customer_ID,Claim_Date,Claim_Status,Processing_Time_Days,Claim_Month
W001,P031,C330,27-11-2024,Rejected,11,Nov
W002,P009,C439,14-10-2024,Pending,11,Oct
W003,P007,C027,30-03-2024,Approved,7,Mar
W004,P005,C224,30-03-2024,Approved,7,Mar
W005,P013,C406,15-05-2024,Rejected,15,May
W006,P015,C031,27-07-2024,Pending,5,Jul
W007,P016,C378,10-04-2024,Rejected,14,Apr
W008,P026,C360,20-10-2024,Rejected,15,Oct
W009,P006,C002,23-09-2024,Approved,14,Sep
W010,P030,C203,11-11-2024,Pending,12,Nov
W011,P038,C209,18-12-2024,Approved,5,Dec
W012,P017,C063,11-07-2024,Approved,11,Jul
W013,P044,C056,31-01-2024,Rejected,11,Jan
W014,P037,C306,21-11-2024,Rejected,10,Nov
W015,P036,C257,04-10-2024,Pending,15,Oct
W016,P037,C446,20-06-2024,Rejected,5,Jun
W017,P048,C344,01-11-2024,Pending,14,Nov
W018,P016,C409,26-03-2024,Approved,5,Mar
W019,P028,C496,27-05-2024,Approved,11,May
W020,P013,C147,21-08-2024,Rejected,14,Aug
W021,P050,C076,11-10-2024,Approved,7,Oct
W022,P046,C252,19-07-2024,Rejected,11,Jul
W023,P004,C277,31-07-2024,Rejected,12,Jul
W024,P018,C306,05-10-2024,Pending,7,Oct
W025,P009,C373,18-06-2024,Rejected,11,Jun
W026,P007,C246,01-03-2024,Rejected,11,Mar
W027,P001,C378,30-03-2024,Approved,15,Mar
W028,P049,C421,26-02-2024,Pending,7,Feb
W029,P036,C449,30-03-2024,Rejected,14,Mar
W030,P042,C402,25-01-2024,Approved,15,Jan
W031,P005,C091,19-11-2024,Rejected,11,Nov
W032,P023,C052,21-06-2024,Approved,7,Jun
W033,P002,C015,11-08-2024,Pending,14,Aug
W034,P025,C440,12-03-2024,Approved,7,Mar
W035,P025,C330,22-12-2024,Pending,5,Dec
W036,P005,C112,29-01-2024,Pending,10,Jan
W037,P036,C305,06-02-2024,Approved,7,Feb
W038,P030,C376,20-10-2024,Rejected,11,Oct
W039,P023,C204,19-06-2024,Approved,11,Jun
W040,P025,C496,22-09-2024,Approved,5,Sep
W041,P040,C043,23-07-2024,Pending,10,Jul
W042,P028,C325,02-03-2024,Rejected,11,Mar
W043,P002,C366,13-01-2024,Pending,14,Jan
W044,P039,C383,15-09-2024,Approved,15,Sep
W045,P032,C459,28-01-2024,Rejected,11,Jan
W046,P034,C298,11-12-2024,Approved,15,Dec
W047,P015,C189,18-01-2024,Pending,10,Jan
W048,P001,C238,01-06-2024,Pending,11,Jun
W049,P011,C230,26-12-2024,Approved,11,Dec
W050,P050,C213,31-08-2024,Rejected,5,Aug
W051,P027,C120,12-05-2024,Approved,7,May
W052,P030,C194,16-10-2024,Pending,14,Oct
W053,P002,C404,30-11-2024,Approved,14,Nov
W054,P038,C360,19-07-2024,Rejected,7,Jul
W055,P011,C167,07-02-2024,Pending,10,Feb
W056,P005,C420,02-12-2024,Approved,11,Dec
W057,P044,C036,02-08-2024,Approved,12,Aug
W058,P004,C450,22-01-2024,Approved,12,Jan
W059,P033,C149,10-05-2024,Rejected,14,May
W060,P001,C460,13-04-2024,Pending,14,Apr
W061,P046,C191,12-03-2024,Rejected,10,Mar
W062,P050,C126,09-07-2024,Rejected,7,Jul
W063,P023,C468,30-05-2024,Rejected,15,May
W064,P016,C355,03-10-2024,Approved,11,Oct
W065,P036,C322,26-09-2024,Pending,11,Sep
W066,P021,C069,25-05-2024,Approved,12,May
W067,P001,C102,27-09-2024,Pending,14,Sep
W068,P048,C015,01-12-2024,Approved,11,Dec
W069,P007,C491,25-12-2024,Rejected,14,Dec
W070,P044,C021,17-04-2024,Rejected,11,Apr
W071,P018,C414,29-01-2024,Approved,5,Jan
W072,P048,C267,01-06-2024,Rejected,15,Jun
W073,P012,C117,05-10-2024,Pending,12,Oct
W074,P048,C104,13-12-2024,Rejected,12,Dec
W075,P041,C300,04-02-2024,Approved,7,Feb
W076,P011,C092,21-09-2024,Approved,7,Sep
W077,P044,C455,23-11-2024,Rejected,10,Nov
W078,P021,C065,27-02-2024,Approved,14,Feb
W079,P031,C250,24-03-2024,Pending,11,Mar
W080,P043,C496,13-05-2024,Pending,5,May
W081,P012,C451,08-06-2024,Pending,11,Jun
W082,P035,C425,23-01-2024,Rejected,11,Jan
W083,P017,C114,04-09-2024,Rejected,10,Sep
W084,P003,C054,06-01-2024,Approved,15,Jan
W085,P038,C320,16-12-2024,Approved,14,Dec
W086,P012,C352,14-02-2024,Pending,15,Feb
W087,P048,C497,19-01-2024,Rejected,15,Jan
W088,P032,C471,09-12-2024,Rejected,7,Dec
W089,P002,C485,01-04-2024,Pending,14,Apr
W090,P021,C274,12-08-2024,Rejected,12,Aug
W091,P032,C383,12-09-2024,Approved,7,Sep
W092,P010,C244,11-01-2024,Rejected,7,Jan
W093,P003,C365,21-06-2024,Rejected,15,Jun
W094,P036,C135,10-10-2024,Rejected,15,Oct
W095,P013,C457,01-05-2024,Pending,11,May
W096,P030,C129,05-06-2024,Pending,11,Jun
W097,P001,C006,19-05-2024,Rejected,15,May
W098,P028,C384,23-06-2024,Pending,14,Jun
W099,P020,C012,07-10-2024,Pending,5,Oct
W100,P048,C402,07-02-2024,Approved,7,Feb
W101,P031,C088,09-10-2024,Pending,5,Oct
W102,P029,C260,05-04-2024,Approved,7,Apr
W103,P028,C124,12-02-2024,Approved,11,Feb
W104,P042,C142,09-01-2024,Rejected,10,Jan
W105,P001,C068,01-03-2024,Approved,7,Mar
W106,P008,C249,28-10-2024,Pending,7,Oct
W107,P026,C362,26-03-2024,Approved,5,Mar
W108,P001,C323,31-01-2024,Rejected,5,Jan
W109,P016,C230,01-09-2024,Rejected,14,Sep
W110,P033,C262,15-08-2024,Rejected,5,Aug
W111,P020,C490,05-04-2024,Approved,5,Apr
W112,P002,C344,31-10-2024,Approved,11,Oct
W113,P040,C322,01-06-2024,Approved,15,Jun
W114,P015,C402,16-06-2024,Rejected,7,Jun
W115,P011,C260,16-06-2024,Rejected,14,Jun
W116,P036,C194,07-05-2024,Approved,5,May
W117,P023,C168,03-11-2024,Approved,15,Nov
W118,P037,C433,03-04-2024,Approved,11,Apr
W119,P004,C067,19-02-2024,Approved,5,Feb
W120,P041,C369,24-03-2024,Pending,14,Mar
W121,P038,C382,21-06-2024,Approved,5,Jun
W122,P045,C219,23-07-2024,Rejected,11,Jul
W123,P048,C311,17-12-2024,Approved,14,Dec
W124,P025,C448,22-07-2024,Approved,7,Jul
W125,P040,C196,25-04-2024,Pending,7,Apr
W126,P014,C392,18-08-2024,Rejected,12,Aug
W127,P031,C099,04-02-2024,Pending,14,Feb
W128,P010,C262,02-12-2024,Rejected,15,Dec
W129,P039,C313,14-11-2024,Approved,12,Nov
W130,P016,C498,16-04-2024,Rejected,14,Apr
W131,P040,C362,11-02-2024,Pending,5,Feb
W132,P040,C273,18-12-2024,Approved,14,Dec
W133,P035,C457,18-04-2024,Pending,14,Apr
W134,P009,C334,12-03-2024,Pending,14,Mar
W135,P007,C186,26-06-2024,Approved,15,Jun
W136,P038,C487,10-10-2024,Rejected,10,Oct
W137,P030,C316,16-08-2024,Approved,15,Aug
W138,P006,C442,18-11-2024,Approved,14,Nov
W139,P041,C491,22-08-2024,Rejected,12,Aug
W140,P035,C377,01-12-2024,Rejected,11,Dec
W141,P013,C329,26-02-2024,Approved,7,Feb
W142,P033,C409,02-11-2024,Rejected,15,Nov
W143,P015,C181,30-03-2024,Approved,11,Mar
W144,P041,C065,10-01-2024,Rejected,12,Jan
W145,P017,C399,25-12-2024,Approved,12,Dec
W146,P034,C347,27-12-2024,Pending,14,Dec
W147,P009,C459,19-09-2024,Pending,11,Sep
W148,P006,C383,13-06-2024,Approved,7,Jun
W149,P005,C033,29-10-2024,Pending,12,Oct
W150,P044,C271,21-07-2024,Rejected,10,Jul
W151,P003,C370,22-11-2024,Rejected,15,Nov
W152,P031,C355,27-10-2024,Rejected,11,Oct
W153,P050,C068,23-07-2024,Rejected,10,Jul
W154,P041,C300,01-03-2024,Pending,15,Mar
W155,P032,C421,03-04-2024,Rejected,15,Apr
W156,P034,C340,20-01-2024,Rejected,10,Jan
W157,P043,C357,28-02-2024,Pending,7,Feb
W158,P019,C333,02-05-2024,Approved,12,May
W159,P032,C426,16-08-2024,Approved,5,Aug
W160,P020,C065,02-04-2024,Pending,10,Apr
W161,P029,C176,04-03-2024,Rejected,12,Mar
W162,P041,C220,03-09-2024,Pending,14,Sep
W163,P043,C285,29-06-2024,Pending,11,Jun
W164,P004,C221,21-08-2024,Approved,14,Aug
W165,P001,C066,03-03-2024,Approved,11,Mar
W166,P027,C070,19-04-2024,Pending,5,Apr
W167,P035,C241,12-11-2024,Rejected,11,Nov
W168,P037,C425,27-11-2024,Pending,7,Nov
W169,P003,C379,21-12-2024,Approved,14,Dec
W170,P010,C298,20-09-2024,Pending,15,Sep
W171,P034,C479,14-02-2024,Pending,11,Feb
W172,P025,C221,31-10-2024,Approved,12,Oct
W173,P012,C447,09-11-2024,Pending,10,Nov
W174,P042,C373,20-11-2024,Approved,14,Nov
W175,P001,C368,20-12-2024,Approved,5,Dec
W176,P046,C376,27-01-2024,Rejected,5,Jan
W177,P009,C203,10-01-2024,Rejected,7,Jan
W178,P044,C069,06-06-2024,Rejected,5,Jun
W179,P001,C095,13-04-2024,Pending,15,Apr
W180,P018,C094,19-03-2024,Approved,14,Mar
W181,P018,C449,28-03-2024,Rejected,7,Mar
W182,P032,C190,04-05-2024,Approved,14,May
W183,P034,C455,15-03-2024,Approved,7,Mar
W184,P016,C214,02-06-2024,Pending,5,Jun
W185,P006,C206,22-02-2024,Pending,5,Feb
W186,P023,C198,08-07-2024,Pending,11,Jul
W187,P037,C297,22-02-2024,Pending,11,Feb
W188,P035,C092,19-11-2024,Pending,10,Nov
W189,P016,C440,26-06-2024,Approved,14,Jun
W190,P050,C058,07-12-2024,Approved,7,Dec
W191,P022,C350,29-11-2024,Approved,12,Nov
W192,P030,C486,29-12-2024,Rejected,15,Dec
W193,P020,C056,09-02-2024,Rejected,10,Feb
W194,P026,C472,17-09-2024,Rejected,14,Sep
W195,P045,C435,16-02-2024,Rejected,15,Feb
W196,P025,C198,21-11-2024,Approved,14,Nov
W197,P046,C206,13-04-2024,Pending,11,Apr
W198,P042,C028,25-11-2024,Approved,11,Nov
W199,P009,C466,01-08-2024,Pending,10,Aug
W200,P023,C255,09-02-2024,Approved,11,Feb
W201,P007,C405,25-09-2024,Approved,15,Sep
W202,P034,C230,21-11-2024,Rejected,11,Nov
W203,P021,C242,06-09-2024,Approved,5,Sep
W204,P046,C007,18-06-2024,Approved,15,Jun
W205,P020,C474,28-04-2024,Approved,14,Apr
W206,P014,C066,19-01-2024,Approved,11,Jan
W207,P049,C396,25-11-2024,Pending,11,Nov
W208,P039,C497,10-08-2024,Approved,15,Aug
W209,P043,C480,20-12-2024,Approved,12,Dec
W210,P021,C019,13-10-2024,Approved,14,Oct
W211,P028,C222,12-12-2024,Approved,15,Dec
W212,P006,C168,31-03-2024,Pending,5,Mar
W213,P015,C152,25-11-2024,Rejected,12,Nov
W214,P042,C105,17-02-2024,Pending,14,Feb
W215,P005,C475,19-09-2024,Pending,10,Sep
W216,P031,C003,13-11-2024,Approved,11,Nov
W217,P006,C184,29-10-2024,Approved,14,Oct
W218,P037,C161,09-07-2024,Pending,14,Jul
W219,P022,C499,14-09-2024,Pending,14,Sep
W220,P023,C314,07-07-2024,Pending,10,Jul
W221,P034,C390,27-10-2024,Rejected,14,Oct
W222,P008,C205,12-04-2024,Approved,12,Apr
W223,P012,C060,23-04-2024,Rejected,7,Apr
W224,P007,C053,07-07-2024,Pending,12,Jul
W225,P031,C179,07-05-2024,Pending,5,May
W226,P014,C353,09-09-2024,Pending,7,Sep
W227,P015,C202,04-04-2024,Pending,7,Apr
W228,P042,C405,22-12-2024,Pending,7,Dec
W229,P047,C159,13-06-2024,Approved,14,Jun
W230,P027,C121,10-02-2024,Rejected,5,Feb
W231,P034,C258,06-05-2024,Rejected,11,May
W232,P043,C017,12-12-2024,Pending,11,Dec
W233,P004,C035,01-11-2024,Pending,12,Nov
W234,P008,C138,12-11-2024,Approved,5,Nov
W235,P048,C445,05-12-2024,Pending,5,Dec
W236,P012,C408,16-06-2024,Pending,12,Jun
W237,P006,C280,25-11-2024,Pending,12,Nov
W238,P008,C125,20-06-2024,Approved,12,Jun
W239,P045,C052,10-05-2024,Pending,11,May
W240,P023,C322,27-03-2024,Rejected,12,Mar
W241,P042,C110,22-02-2024,Approved,11,Feb
W242,P022,C089,17-02-2024,Rejected,14,Feb
W243,P036,C232,02-06-2024,Approved,15,Jun
W244,P014,C032,04-11-2024,Rejected,11,Nov
W245,P038,C019,23-10-2024,Rejected,11,Oct
W246,P029,C181,26-09-2024,Approved,12,Sep
W247,P041,C240,20-11-2024,Approved,15,Nov
W248,P004,C119,29-11-2024,Approved,7,Nov
W249,P033,C385,22-11-2024,Approved,7,Nov
W250,P016,C302,26-04-2024,Pending,10,Apr
W251,P014,C116,19-05-2024,Approved,11,May
W252,P022,C359,18-09-2024,Rejected,14,Sep
W253,P023,C063,09-10-2024,Pending,15,Oct
W254,P018,C185,22-06-2024,Approved,12,Jun
W255,P022,C210,26-12-2024,Pending,10,Dec
W256,P017,C393,19-06-2024,Pending,15,Jun
W257,P020,C207,26-09-2024,Approved,5,Sep
W258,P005,C046,18-08-2024,Pending,5,Aug
W259,P038,C070,20-10-2024,Pending,10,Oct
W260,P005,C455,10-07-2024,Pending,7,Jul
W261,P017,C479,27-10-2024,Rejected,12,Oct
W262,P049,C400,19-04-2024,Pending,15,Apr
W263,P032,C146,20-06-2024,Rejected,7,Jun
W264,P013,C335,23-04-2024,Pending,15,Apr
W265,P041,C018,31-01-2024,Approved,14,Jan
W266,P003,C473,04-11-2024,Rejected,15,Nov
W267,P026,C208,07-11-2024,Pending,7,Nov
W268,P049,C146,28-05-2024,Rejected,12,May
W269,P044,C143,21-07-2024,Approved,11,Jul
W270,P042,C293,15-04-2024,Rejected,7,Apr
W271,P035,C032,21-09-2024,Approved,11,Sep
W272,P041,C102,21-04-2024,Approved,11,Apr
W273,P043,C159,06-08-2024,Approved,14,Aug
W274,P036,C031,02-05-2024,Rejected,11,May
W275,P034,C462,19-11-2024,Rejected,12,Nov
W276,P023,C178,15-09-2024,Rejected,7,Sep
W277,P041,C027,11-01-2024,Approved,12,Jan
W278,P046,C439,01-11-2024,Rejected,15,Nov
W279,P016,C253,05-02-2024,Pending,10,Feb
W280,P019,C416,23-11-2024,Pending,15,Nov
W281,P019,C311,16-06-2024,Rejected,5,Jun
W282,P002,C040,07-10-2024,Approved,11,Oct
W283,P049,C267,09-06-2024,Approved,12,Jun
W284,P009,C439,08-11-2024,Approved,7,Nov
W285,P031,C219,17-05-2024,Pending,12,May
W286,P008,C413,28-06-2024,Approved,12,Jun
W287,P011,C256,07-10-2024,Pending,11,Oct
W288,P039,C458,04-11-2024,Rejected,11,Nov
W289,P032,C045,04-12-2024,Approved,15,Dec
W290,P013,C369,04-10-2024,Pending,12,Oct
W291,P002,C448,13-10-2024,Pending,14,Oct
W292,P006,C171,10-04-2024,Approved,12,Apr
W293,P036,C238,10-02-2024,Rejected,10,Feb
W294,P048,C244,25-11-2024,Approved,12,Nov
W295,P026,C005,15-01-2024,Pending,11,Jan
W296,P025,C252,01-11-2024,Pending,15,Nov
W297,P014,C189,02-02-2024,Rejected,12,Feb
W298,P035,C117,07-05-2024,Pending,10,May
W299,P014,C277,12-11-2024,Pending,7,Nov
W300,P005,C195,12-01-2024,Rejected,7,Jan
W301,P039,C258,18-12-2024,Approved,11,Dec
W302,P049,C271,25-04-2024,Approved,5,Apr
W303,P006,C454,30-04-2024,Pending,14,Apr
W304,P013,C395,21-06-2024,Approved,11,Jun
W305,P019,C372,16-04-2024,Rejected,11,Apr
W306,P043,C413,14-12-2024,Rejected,5,Dec
W307,P034,C261,10-03-2024,Approved,15,Mar
W308,P007,C093,12-05-2024,Approved,7,May
W309,P029,C047,10-10-2024,Approved,14,Oct
W310,P032,C410,05-09-2024,Approved,11,Sep
W311,P002,C198,15-10-2024,Rejected,11,Oct
W312,P002,C169,24-02-2024,Pending,12,Feb
W313,P015,C176,11-08-2024,Pending,5,Aug
W314,P037,C145,10-09-2024,Approved,12,Sep
W315,P032,C131,28-09-2024,Approved,5,Sep
W316,P014,C334,20-11-2024,Rejected,12,Nov
W317,P017,C449,28-04-2024,Approved,7,Apr
W318,P020,C262,11-03-2024,Rejected,14,Mar
W319,P035,C018,18-07-2024,Pending,10,Jul
W320,P006,C491,15-01-2024,Approved,15,Jan
W321,P020,C360,07-01-2024,Approved,11,Jan
W322,P029,C208,05-08-2024,Rejected,11,Aug
W323,P014,C197,30-11-2024,Pending,5,Nov
W324,P017,C089,08-03-2024,Approved,12,Mar
W325,P039,C351,03-08-2024,Approved,15,Aug
W326,P014,C286,08-08-2024,Rejected,7,Aug
W327,P028,C092,10-05-2024,Approved,12,May
W328,P043,C165,02-04-2024,Approved,11,Apr
W329,P042,C490,12-12-2024,Rejected,14,Dec
W330,P018,C178,30-08-2024,Rejected,14,Aug
W331,P013,C268,24-10-2024,Approved,11,Oct
W332,P025,C262,04-01-2024,Approved,5,Jan
W333,P004,C362,13-10-2024,Rejected,15,Oct
W334,P044,C319,26-10-2024,Pending,14,Oct
W335,P044,C328,26-03-2024,Rejected,14,Mar
W336,P008,C467,31-07-2024,Rejected,14,Jul
W337,P026,C071,22-11-2024,Pending,12,Nov
W338,P016,C168,22-09-2024,Pending,14,Sep
W339,P046,C124,02-06-2024,Pending,15,Jun
W340,P011,C408,29-12-2024,Approved,15,Dec
W341,P028,C152,11-06-2024,Rejected,7,Jun
W342,P022,C113,27-08-2024,Rejected,12,Aug
W343,P017,C255,20-01-2024,Pending,15,Jan
W344,P005,C355,26-02-2024,Approved,11,Feb
W345,P019,C143,09-12-2024,Rejected,14,Dec
W346,P040,C072,19-03-2024,Approved,15,Mar
W347,P010,C176,14-04-2024,Approved,14,Apr
W348,P037,C467,12-12-2024,Rejected,14,Dec
W349,P032,C330,19-09-2024,Pending,5,Sep
W350,P012,C387,28-11-2024,Approved,5,Nov
W351,P028,C091,11-05-2024,Rejected,15,May
W352,P022,C419,31-01-2024,Rejected,7,Jan
W353,P048,C011,05-01-2024,Rejected,7,Jan
W354,P002,C220,06-07-2024,Approved,7,Jul
W355,P005,C255,04-08-2024,Approved,15,Aug
W356,P005,C460,05-03-2024,Rejected,15,Mar
W357,P035,C096,05-08-2024,Rejected,12,Aug
W358,P015,C199,26-01-2024,Approved,14,Jan
W359,P003,C288,02-11-2024,Approved,11,Nov
W360,P041,C079,18-11-2024,Approved,7,Nov
W361,P024,C254,12-01-2024,Rejected,7,Jan
W362,P021,C321,19-03-2024,Rejected,11,Mar
W363,P047,C195,10-02-2024,Approved,7,Feb
W364,P039,C145,06-07-2024,Pending,10,Jul
W365,P020,C149,27-11-2024,Rejected,11,Nov
W366,P038,C392,29-04-2024,Pending,10,Apr
W367,P049,C386,28-01-2024,Rejected,7,Jan
W368,P044,C293,01-02-2024,Rejected,14,Feb
W369,P047,C358,18-03-2024,Pending,5,Mar
W370,P045,C426,12-07-2024,Approved,11,Jul
W371,P006,C022,17-02-2024,Rejected,12,Feb
W372,P045,C173,26-03-2024,Pending,12,Mar
W373,P047,C209,20-08-2024,Pending,14,Aug
W374,P040,C405,14-05-2024,Rejected,12,May
W375,P017,C385,01-01-2024,Approved,15,Jan
W376,P017,C308,03-04-2024,Rejected,12,Apr
W377,P024,C020,26-07-2024,Approved,11,Jul
W378,P018,C446,13-12-2024,Approved,12,Dec
W379,P031,C078,22-10-2024,Approved,5,Oct
W380,P047,C351,18-10-2024,Approved,7,Oct
W381,P005,C113,01-05-2024,Rejected,10,May
W382,P029,C160,19-11-2024,Rejected,7,Nov
W383,P045,C161,14-08-2024,Rejected,14,Aug
W384,P010,C366,25-05-2024,Approved,15,May
W385,P038,C341,24-06-2024,Pending,15,Jun
W386,P043,C380,30-04-2024,Pending,10,Apr
W387,P049,C098,14-06-2024,Approved,14,Jun
W388,P007,C205,31-12-2024,Pending,14,Dec
W389,P031,C193,24-10-2024,Approved,11,Oct
W390,P037,C189,30-05-2024,Rejected,5,May
W391,P034,C128,17-11-2024,Pending,7,Nov
W392,P013,C343,05-09-2024,Pending,11,Sep
W393,P003,C488,25-01-2024,Pending,7,Jan
W394,P011,C334,26-04-2024,Pending,5,Apr
W395,P008,C052,29-04-2024,Rejected,7,Apr
W396,P047,C138,04-03-2024,Pending,12,Mar
W397,P011,C396,16-10-2024,Pending,12,Oct
W398,P022,C275,31-03-2024,Approved,12,Mar
W399,P004,C428,28-10-2024,Approved,7,Oct
W400,P044,C343,14-08-2024,Pending,12,Aug
